Wall time,Step,Value
1643953668.1345932,0,59.013309478759766
1643960668.62708,1,64.04080200195312
1643967683.0221837,2,60.32986068725586
1643974681.7615736,3,62.18532943725586
1643981683.725076,4,65.16203308105469
1643988720.4628499,5,67.06452941894531
1643995771.5880456,6,66.23625183105469
1644002818.25128,7,68.13874816894531
1644009828.418165,8,67.31047058105469
1644016829.1240077,9,66.13859558105469
1644023885.3108196,10,67.50578308105469
1644030895.4859192,11,66.33390808105469
