Wall time,Step,Value
1643953248.4974635,0,13.976949691772461
1643959766.4060893,1,19.971914291381836
1643966318.0023263,2,24.370479583740234
1643972831.6567547,3,28.780345916748047
1643979341.644312,4,28.825542449951172
1643985879.1125093,5,31.180591583251953
1643992435.0835636,6,28.964359283447266
1643999015.3243487,7,28.573734283447266
1644005552.4044373,8,29.618091583251953
1644012076.4667974,9,28.964359283447266
1644018614.5454855,10,30.538158416748047
1644025054.5705967,11,29.40018081665039
1644031457.6395211,12,29.77950668334961
