Wall time,Step,Value
1643952980.7528148,0,9.700520515441895
1643959314.302419,1,6.25
1643965687.7882402,2,8.49609375
1643972029.166412,3,8.268229484558105
1643978374.8040977,4,9.700520515441895
1643984739.140336,5,9.375
1643991128.190328,6,10.970051765441895
1643997521.8268445,7,9.765625
1644003845.8326225,8,9.5703125
1644010139.3137047,9,11.100260734558105
1644016528.6452756,10,10.872395515441895
1644023035.6631896,11,10.123698234558105
1644029518.189809,12,9.66796875
