Wall time,Step,Value
1643953066.2331657,0,18.55953025817871
1643959493.501908,1,21.29390525817871
1643965951.8010058,2,21.67323112487793
1643972373.8657591,3,25.080707550048828
1643978816.600678,4,26.804622650146484
1643985357.2285993,5,28.41231918334961
1643991853.559201,6,27.195247650146484
1643998431.950787,7,29.550296783447266
1644004941.8523972,8,29.020854949951172
1644011450.712776,9,31.007877349853516
1644017958.141132,10,28.791645050048828
1644024533.4211736,11,28.630229949951172
1644031043.1735208,12,29.629390716552734
