Wall time,Step,Value
1643953983.7399378,0,67.9961929321289
1643961198.6509154,1,59.408897399902344
1643968434.9461842,2,75.38093566894531
1643975645.5583978,3,75.79415893554688
1643982863.3799207,4,78.12661743164062
1643990112.1449618,5,79.51640319824219
1643997370.666148,6,80.18142700195312
1644004596.772504,7,81.50341796875
1644011812.0817466,8,81.09019470214844
1644019008.2350447,9,83.59213256835938
1644026080.6770134,10,82.40896606445312
1644033108.466815,11,83.35162353515625
