Wall time,Step,Value
1643953793.7012339,0,31.441696166992188
1643961022.8313086,1,58.27546310424805
1643968403.206098,2,66.13859558105469
1643975942.4762926,3,58.915653228759766
1643982949.7219284,4,67.59620666503906
1643989914.3748696,5,70.08824920654297
1643996895.3153872,6,69.45167541503906
1644003856.452088,7,73.01432037353516
1644010789.8644037,8,72.38136291503906
1644017723.6580396,9,71.94010162353516
1644024706.0171628,10,73.30728912353516
1644031646.2582853,11,73.40494537353516
