Wall time,Step,Value
1643953644.2001882,0,64.50639343261719
1643960616.726343,1,49.89830780029297
1643967604.9357967,2,75.74089813232422
1643974575.0747015,3,75.00161743164062
1643981550.9107947,4,80.98527526855469
1643988561.4337475,5,82.38636779785156
1643995593.1827621,6,82.0748291015625
1644002622.9405055,7,82.00703430175781
1644009615.1232555,8,79.12577819824219
1644016601.6943285,9,77.59716796875
1644023646.5784574,10,79.35498046875
1644030613.9563262,11,80.95138549804688
