Wall time,Step,Value
1643953106.4827998,0,8.30078125
1643959485.339642,1,14.680989265441895
1643965890.058601,2,8.170573234558105
1643972271.2462623,3,8.430989265441895
1643978654.387237,4,8.203125
1643985055.6775956,5,8.854166984558105
1643991478.2000206,6,7.877604007720947
1643997916.7082715,7,8.235676765441895
1644004316.3883057,8,8.30078125
1644010711.3678215,9,8.30078125
1644017121.5792625,10,8.626301765441895
1644023468.5539606,11,8.235676765441895
1644029752.1741776,12,8.69140625
