Wall time,Step,Value
1643953066.2332053,0,48.92174530029297
1643959493.5019479,1,49.864410400390625
1643965951.8010454,2,53.41393280029297
1643972373.8657997,3,49.485084533691406
1643978816.600717,4,56.27259826660156
1643985357.2286398,5,54.09026336669922
1643991853.559241,6,54.75529479980469
1643998431.9508262,7,55.904571533203125
1644004941.8524375,8,54.056365966796875
1644011450.712815,9,53.34291076660156
1644017958.141172,10,54.342071533203125
1644024533.4212155,11,53.560821533203125
1644031043.1735713,12,55.17981719970703
