Wall time,Step,Value
1643953644.2002304,0,90.24082946777344
1643960616.7263842,1,83.40489196777344
1643967604.935838,2,95.70635223388672
1643974575.0747547,3,96.57799530029297
1643981550.9108374,4,97.15263366699219
1643988561.4337912,5,97.34794616699219
1643995593.1828046,6,96.7507095336914
1644002622.9405465,7,94.91380310058594
1644009615.1232965,8,96.52149963378906
1644016601.6943703,9,95.56753540039062
1644023646.5784988,10,95.69505310058594
1644030613.9563665,11,95.93556213378906
