Wall time,Step,Value
1643948052.3471642,0,36.754920959472656
1643949435.9765263,1,49.04875564575195
1643950812.1644006,2,52.021846771240234
1643952190.226138,3,38.42230987548828
1643953567.5313106,4,50.31467056274414
1643954940.6784658,5,42.32494354248047
1643956313.5285742,6,44.950809478759766
1643957688.0814679,7,45.63801956176758
1643959069.9694316,8,41.34838104248047
1643960456.5223708,9,38.96122741699219
1643961852.9057906,10,42.907264709472656
1643963265.772072,11,41.93431854248047
1643964648.4289205,12,41.98133850097656
1643966030.122035,13,43.930843353271484
1643967409.3706448,14,42.70833206176758
1643968787.490004,15,43.48958206176758
1643970170.0764165,16,46.16970443725586
1643971546.53566,17,45.58738327026367
1643972926.185793,18,42.270687103271484
1643974306.5106652,19,44.95442581176758
1643975686.1085343,20,44.07551956176758
1643977070.3987882,21,43.637874603271484
1643978451.9460788,22,41.051795959472656
1643979829.6087668,23,44.27083206176758
1643981220.5562673,24,41.78602600097656
1643982612.0927718,25,41.43880081176758
1643984005.1670325,26,42.16941452026367
1643985421.1137326,27,41.68113327026367
1643986823.5427973,28,42.51301956176758
1643988222.9950225,29,37.93041229248047
1643989637.5497487,30,40.317562103271484
1643991051.6523974,31,42.36472702026367
1643992449.2421284,32,44.462528228759766
1643993854.5171463,33,42.997684478759766
1643995275.50932,34,31.8359375
1643996710.2556248,35,36.809173583984375
1643998147.4453185,36,42.46238327026367
1643999552.4337354,37,34.76200866699219
1644000955.4030144,38,38.903358459472656
1644002364.3817341,39,39.782264709472656
1644003758.4421988,40,44.169559478759766
1644005155.8491821,41,44.071903228759766
1644006562.1765304,42,42.36472702026367
1644007960.1922908,43,42.216434478759766
1644009352.3062093,44,38.27040100097656
1644010746.6970696,45,36.66088104248047
1644012139.0697196,46,40.270545959472656
1644013537.1284122,47,31.8359375
1644014936.9972692,48,41.435184478759766
1644016334.0162728,49,41.14583206176758
