Wall time,Step,Value
1643953106.4828403,0,38.15104293823242
1643959485.3396833,1,35.25390625
1643965890.058644,2,29.8828125
1643972271.2463024,3,28.58072853088379
1643978654.387279,4,29.42708396911621
1643985055.677638,5,29.62239646911621
1643991478.200062,6,28.97135353088379
1643997916.708314,7,28.77604103088379
1644004316.388346,8,27.9296875
1644010711.3678613,9,28.45052146911621
1644017121.5793033,10,28.3203125
1644023468.554,11,27.50650978088379
1644029752.1742182,12,28.58072853088379
