Wall time,Step,Value
1643953248.4975066,0,43.67413330078125
1643959766.4061327,1,49.6239013671875
1643966318.002369,2,49.51898193359375
1643972831.656799,3,50.03712463378906
1643979341.6443553,4,50.761878967285156
1643985879.1125515,5,52.05804443359375
1643992435.083607,6,50.88616943359375
1643999015.3243906,7,50.4051513671875
1644005552.40448,8,52.91838836669922
1644012076.4668396,9,51.79493713378906
1644018614.5455287,10,47.64817810058594
1644025054.5706396,11,47.050941467285156
1644031457.6395633,12,50.30023193359375
