Wall time,Step,Value
1643953983.7399766,0,90.48133850097656
1643961198.6509566,1,86.0601806640625
1643968434.9462264,2,93.86944580078125
1643975645.5584378,3,93.91464233398438
1643982863.379961,4,93.86944580078125
1643990112.1450028,5,93.89204406738281
1643997370.6661887,6,94.91380310058594
1644004596.7725456,7,95.09782409667969
1644011812.081786,8,95.10911560058594
1644019008.2350852,9,94.29397583007812
1644026080.677054,10,95.54493713378906
1644033108.4668555,11,95.93556213378906
