Wall time,Step,Value
1643953668.134634,0,80.24812316894531
1643960668.62712,1,84.78732299804688
1643967683.0222242,2,79.46687316894531
1643974681.7616146,3,85.46368408203125
1643981683.725117,4,88.39337158203125
1643988720.462889,5,84.15074920654297
1643995771.5880866,6,93.2146987915039
1644002818.2513216,7,82.93185424804688
1644009828.4182062,8,83.61183166503906
1644016829.1240482,9,89.36270141601562
1644023885.3108594,10,86.19791412353516
1644030895.4859588,11,86.00260162353516
