Wall time,Step,Value
1643952980.7528558,0,39.2578125
1643959314.3024619,1,27.40885353088379
1643965687.7882817,2,28.58072853088379
1643972029.1664605,3,32.29166793823242
1643978374.8041384,4,34.14713668823242
1643984739.1403787,5,32.91015625
1643991128.19037,6,32.12890625
1643997521.826886,7,33.30078125
1644003845.8326643,8,40.10416793823242
1644010139.313747,9,41.11328125
1644016528.6453173,10,31.90104103088379
1644023035.6632311,11,31.640625
1644029518.1898522,12,31.54296875
