Wall time,Step,Value
1643953793.7012737,0,70.58738708496094
1643961022.8313482,1,86.67534637451172
1643968403.2061384,2,88.14742279052734
1643975942.4763334,3,86.97193145751953
1643982949.7219675,4,91.46050262451172
1643989914.374909,5,94.2889175415039
1643996895.3154275,6,93.5076675415039
1644003856.4521291,7,93.9959487915039
1644010789.8644452,8,95.2654800415039
1644017723.6580906,9,94.5818862915039
1644024706.0172026,10,93.36299133300781
1644031646.2583256,11,94.14424133300781
